name,year,commodity,code,companyID,file_name,gfs_code,gfs_name,value
Abosso Goldfields Ltd,2007,Gold,abosso_goldfields_ltd2007gold,na,2007 Ghana Summary Data (draft).xlsx,113E,Taxes on property,37609.0
Abosso Goldfields Ltd,2007,Gold,abosso_goldfields_ltd2007gold,na,2007 Ghana Summary Data (draft).xlsx,1415E1,Royalties,3370783.0
Anglogold Ashanti (Obuasi) Ltd,2007,Gold,anglogold_ashanti_(obuasi)_ltd2007gold,na,2007 Ghana Summary Data (draft).xlsx,113E,Taxes on property,419541.0
Anglogold Ashanti (Obuasi) Ltd,2007,Gold,anglogold_ashanti_(obuasi)_ltd2007gold,na,2007 Ghana Summary Data (draft).xlsx,1415E1,Royalties,6286906.0
Anglogold Ashanti (Iduapriem) Ltd,2007,Gold,anglogold_ashanti_(iduapriem)_ltd2007gold,na,2007 Ghana Summary Data (draft).xlsx,113E,Taxes on property,35938.0
Anglogold Ashanti (Iduapriem) Ltd,2007,Gold,anglogold_ashanti_(iduapriem)_ltd2007gold,na,2007 Ghana Summary Data (draft).xlsx,1112E1,"Ordinary taxes on income, profits and capital gains",1578964.0
Anglogold Ashanti (Iduapriem) Ltd,2007,Gold,anglogold_ashanti_(iduapriem)_ltd2007gold,na,2007 Ghana Summary Data (draft).xlsx,1415E1,Royalties,2480936.0
Anglogold Ashanti International,2007,Gold,anglogold_ashanti_international2007gold,na,2007 Ghana Summary Data (draft).xlsx,1412E2,From government participation (equity),3749228.0
Chirano Gold Mines Ltd,2007,Gold,chirano_gold_mines_ltd2007gold,na,2007 Ghana Summary Data (draft).xlsx,113E,Taxes on property,35000.0
Chirano Gold Mines Ltd,2007,Gold,chirano_gold_mines_ltd2007gold,na,2007 Ghana Summary Data (draft).xlsx,116E,Other taxes payable by natural resource companies,1553.0
Chirano Gold Mines Ltd,2007,Gold,chirano_gold_mines_ltd2007gold,na,2007 Ghana Summary Data (draft).xlsx,1415E1,Royalties,1785624.0
Ghana Bauxite Company Ltd,2007,Bauxite,ghana_bauxite_company_ltd2007bauxite,na,2007 Ghana Summary Data (draft).xlsx,113E,Taxes on property,11576.0
Ghana Bauxite Company Ltd,2007,Bauxite,ghana_bauxite_company_ltd2007bauxite,na,2007 Ghana Summary Data (draft).xlsx,1415E1,Royalties,542476.0
Ghana Manganese Company Ltd,2007,Manganese,ghana_manganese_company_ltd2007manganese,na,2007 Ghana Summary Data (draft).xlsx,113E,Taxes on property,13196.0
Ghana Manganese Company Ltd,2007,Manganese,ghana_manganese_company_ltd2007manganese,na,2007 Ghana Summary Data (draft).xlsx,1412E2,From government participation (equity),104194.0
Ghana Manganese Company Ltd,2007,Manganese,ghana_manganese_company_ltd2007manganese,na,2007 Ghana Summary Data (draft).xlsx,1112E1,"Ordinary taxes on income, profits and capital gains",98317.0
Ghana Manganese Company Ltd,2007,Manganese,ghana_manganese_company_ltd2007manganese,na,2007 Ghana Summary Data (draft).xlsx,1415E1,Royalties,1030516.0
Golden Star (Wassa) Ltd,2007,Gold,golden_star_(wassa)_ltd2007gold,na,2007 Ghana Summary Data (draft).xlsx,113E,Taxes on property,85738.0
Golden Star (Wassa) Ltd,2007,Gold,golden_star_(wassa)_ltd2007gold,na,2007 Ghana Summary Data (draft).xlsx,1415E1,Royalties,2075180.0
Golden Star (Prestea/Bogoso) Ltd,2007,Gold,golden_star_(prestea/bogoso)_ltd2007gold,na,2007 Ghana Summary Data (draft).xlsx,113E,Taxes on property,17241.0
Golden Star (Prestea/Bogoso) Ltd,2007,Gold,golden_star_(prestea/bogoso)_ltd2007gold,na,2007 Ghana Summary Data (draft).xlsx,1415E1,Royalties,1960264.0
Goldfields Ghana (Wassa) Ltd,2007,Gold,goldfields_ghana_(wassa)_ltd2007gold,na,2007 Ghana Summary Data (draft).xlsx,113E,Taxes on property,198972.0
Goldfields Ghana (Wassa) Ltd,2007,Gold,goldfields_ghana_(wassa)_ltd2007gold,na,2007 Ghana Summary Data (draft).xlsx,1112E1,"Ordinary taxes on income, profits and capital gains",13895969.0
Goldfields Ghana (Wassa) Ltd,2007,Gold,goldfields_ghana_(wassa)_ltd2007gold,na,2007 Ghana Summary Data (draft).xlsx,1415E1,Royalties,12209689.0
Central African Gold (Bibiani),2007,Gold,central_african_gold_(bibiani)2007gold,na,2007 Ghana Summary Data (draft).xlsx,113E,Taxes on property,30000.0
Central African Gold (Bibiani),2007,Gold,central_african_gold_(bibiani)2007gold,na,2007 Ghana Summary Data (draft).xlsx,1415E1,Royalties,270765.0
Newmont Ghana Gold Ltd,2007,Gold,newmont_ghana_gold_ltd2007gold,na,2007 Ghana Summary Data (draft).xlsx,116E,Other taxes payable by natural resource companies,72.0
Newmont Ghana Gold Ltd,2007,Gold,newmont_ghana_gold_ltd2007gold,na,2007 Ghana Summary Data (draft).xlsx,1415E1,Royalties,8823621.0
Abosso Goldfields Ltd,2008,Gold,abosso_goldfields_ltd2008gold,na,2008 Ghana Summary Data (draft).xlsx,1112E1,"Ordinary taxes on income, profits and capital gains",2052824.0
Abosso Goldfields Ltd,2008,Gold,abosso_goldfields_ltd2008gold,na,2008 Ghana Summary Data (draft).xlsx,1415E1,Royalties,4084413.0
Anglogold Ashanti (Obuasi) Ltd,2008,Gold,anglogold_ashanti_(obuasi)_ltd2008gold,na,2008 Ghana Summary Data (draft).xlsx,113E,Taxes on property,419560.0
Anglogold Ashanti (Obuasi) Ltd,2008,Gold,anglogold_ashanti_(obuasi)_ltd2008gold,na,2008 Ghana Summary Data (draft).xlsx,1415E1,Royalties,8710130.0
Anglogold Ashanti (Iduapriem) Ltd,2008,Gold,anglogold_ashanti_(iduapriem)_ltd2008gold,na,2008 Ghana Summary Data (draft).xlsx,113E,Taxes on property,45375.0
Anglogold Ashanti (Iduapriem) Ltd,2008,Gold,anglogold_ashanti_(iduapriem)_ltd2008gold,na,2008 Ghana Summary Data (draft).xlsx,1415E1,Royalties,4940817.0
Anglogold Ashanti International,2008,Gold,anglogold_ashanti_international2008gold,na,2008 Ghana Summary Data (draft).xlsx,1412E2,From government participation (equity),1348489.0
Chirano Gold Mines Ltd,2008,Gold,chirano_gold_mines_ltd2008gold,na,2008 Ghana Summary Data (draft).xlsx,113E,Taxes on property,35000.0
Chirano Gold Mines Ltd,2008,Gold,chirano_gold_mines_ltd2008gold,na,2008 Ghana Summary Data (draft).xlsx,116E,Other taxes payable by natural resource companies,3060.0
Chirano Gold Mines Ltd,2008,Gold,chirano_gold_mines_ltd2008gold,na,2008 Ghana Summary Data (draft).xlsx,1415E1,Royalties,3282768.0
Ghana Bauxite Company,2008,Bauxite,ghana_bauxite_company2008bauxite,na,2008 Ghana Summary Data (draft).xlsx,113E,Taxes on property,11576.0
Ghana Bauxite Company,2008,Bauxite,ghana_bauxite_company2008bauxite,na,2008 Ghana Summary Data (draft).xlsx,116E,Other taxes payable by natural resource companies,7980.0
Ghana Bauxite Company,2008,Bauxite,ghana_bauxite_company2008bauxite,na,2008 Ghana Summary Data (draft).xlsx,1415E1,Royalties,453089.0
Ghana Manganese  Ltd,2008,Manganese,ghana_manganese__ltd2008manganese,na,2008 Ghana Summary Data (draft).xlsx,113E,Taxes on property,17853.0
Ghana Manganese  Ltd,2008,Manganese,ghana_manganese__ltd2008manganese,na,2008 Ghana Summary Data (draft).xlsx,1112E1,"Ordinary taxes on income, profits and capital gains",2453755.0
Ghana Manganese  Ltd,2008,Manganese,ghana_manganese__ltd2008manganese,na,2008 Ghana Summary Data (draft).xlsx,1415E1,Royalties,1652108.0
Golden Star (Wassa) Ltd,2008,Gold,golden_star_(wassa)_ltd2008gold,na,2008 Ghana Summary Data (draft).xlsx,113E,Taxes on property,35745.0
Golden Star (Wassa) Ltd,2008,Gold,golden_star_(wassa)_ltd2008gold,na,2008 Ghana Summary Data (draft).xlsx,1415E1,Royalties,3071895.0
Golden Star (Prestea/Bogoso) Ltd,2008,Gold,golden_star_(prestea/bogoso)_ltd2008gold,na,2008 Ghana Summary Data (draft).xlsx,113E,Taxes on property,20967.0
Golden Star (Prestea/Bogoso) Ltd,2008,Gold,golden_star_(prestea/bogoso)_ltd2008gold,na,2008 Ghana Summary Data (draft).xlsx,1415E1,Royalties,4644642.0
Gold Fields (Ghana) Ltd,2008,Gold,gold_fields_(ghana)_ltd2008gold,na,2008 Ghana Summary Data (draft).xlsx,113E,Taxes on property,210902.0
Gold Fields (Ghana) Ltd,2008,Gold,gold_fields_(ghana)_ltd2008gold,na,2008 Ghana Summary Data (draft).xlsx,1112E1,"Ordinary taxes on income, profits and capital gains",27731000.0
Gold Fields (Ghana) Ltd,2008,Gold,gold_fields_(ghana)_ltd2008gold,na,2008 Ghana Summary Data (draft).xlsx,1415E1,Royalties,17447492.0
Central African Gold (Bibiani),2008,Gold,central_african_gold_(bibiani)2008gold,na,2008 Ghana Summary Data (draft).xlsx,113E,Taxes on property,30000.0
Central African Gold (Bibiani),2008,Gold,central_african_gold_(bibiani)2008gold,na,2008 Ghana Summary Data (draft).xlsx,1412E2,From government participation (equity),68639.0
Central African Gold (Bibiani),2008,Gold,central_african_gold_(bibiani)2008gold,na,2008 Ghana Summary Data (draft).xlsx,1415E1,Royalties,314320.0
Newmont Ghana Gold Ltd,2008,Gold,newmont_ghana_gold_ltd2008gold,na,2008 Ghana Summary Data (draft).xlsx,1415E1,Royalties,12658757.0
Abosso Goldfields Ltd,2009,Gold,abosso_goldfields_ltd2009gold,na,2009 Ghana Summary Data (draft).xlsx,113E,Taxes on property,36783.0
Abosso Goldfields Ltd,2009,Gold,abosso_goldfields_ltd2009gold,na,2009 Ghana Summary Data (draft).xlsx,1112E1,"Ordinary taxes on income, profits and capital gains",7078709.0
Abosso Goldfields Ltd,2009,Gold,abosso_goldfields_ltd2009gold,na,2009 Ghana Summary Data (draft).xlsx,1415E1,Royalties,7791169.0
Anglogold Ashanti (Obuasi) Ltd,2009,Gold,anglogold_ashanti_(obuasi)_ltd2009gold,na,2009 Ghana Summary Data (draft).xlsx,113E,Taxes on property,419560.0
Anglogold Ashanti (Obuasi) Ltd,2009,Gold,anglogold_ashanti_(obuasi)_ltd2009gold,na,2009 Ghana Summary Data (draft).xlsx,1112E1,"Ordinary taxes on income, profits and capital gains",0.0
Anglogold Ashanti (Obuasi) Ltd,2009,Gold,anglogold_ashanti_(obuasi)_ltd2009gold,na,2009 Ghana Summary Data (draft).xlsx,1415E1,Royalties,14100164.0
Anglogold Ashanti (Iduapriem) Ltd,2009,Gold,anglogold_ashanti_(iduapriem)_ltd2009gold,na,2009 Ghana Summary Data (draft).xlsx,113E,Taxes on property,55183.0
Anglogold Ashanti (Iduapriem) Ltd,2009,Gold,anglogold_ashanti_(iduapriem)_ltd2009gold,na,2009 Ghana Summary Data (draft).xlsx,1112E1,"Ordinary taxes on income, profits and capital gains",4945548.0
Anglogold Ashanti (Iduapriem) Ltd,2009,Gold,anglogold_ashanti_(iduapriem)_ltd2009gold,na,2009 Ghana Summary Data (draft).xlsx,1415E1,Royalties,6825738.0
Anglogold Ashanti International,2009,,anglogold_ashanti_international2009,na,2009 Ghana Summary Data (draft).xlsx,1412E2,From government participation (equity),1973364.0
Chirano Gold Mines Ltd,2009,Gold,chirano_gold_mines_ltd2009gold,na,2009 Ghana Summary Data (draft).xlsx,113E,Taxes on property,35000.0
Chirano Gold Mines Ltd,2009,Gold,chirano_gold_mines_ltd2009gold,na,2009 Ghana Summary Data (draft).xlsx,1415E1,Royalties,5662177.0
Ghana Bauxite Company Ltd,2009,Bauxite,ghana_bauxite_company_ltd2009bauxite,na,2009 Ghana Summary Data (draft).xlsx,113E,Taxes on property,11574.0
Ghana Bauxite Company Ltd,2009,Bauxite,ghana_bauxite_company_ltd2009bauxite,na,2009 Ghana Summary Data (draft).xlsx,1415E1,Royalties,580502.0
Ghana Manganese Company Ltd,2009,Manganese,ghana_manganese_company_ltd2009manganese,na,2009 Ghana Summary Data (draft).xlsx,113E,Taxes on property,25358.0
Ghana Manganese Company Ltd,2009,Manganese,ghana_manganese_company_ltd2009manganese,na,2009 Ghana Summary Data (draft).xlsx,1412E2,From government participation (equity),504466.0
Ghana Manganese Company Ltd,2009,Manganese,ghana_manganese_company_ltd2009manganese,na,2009 Ghana Summary Data (draft).xlsx,1112E1,"Ordinary taxes on income, profits and capital gains",5476872.0
Ghana Manganese Company Ltd,2009,Manganese,ghana_manganese_company_ltd2009manganese,na,2009 Ghana Summary Data (draft).xlsx,1415E1,Royalties,2753226.0
Golden Star (Wassa) Ltd,2009,Gold,golden_star_(wassa)_ltd2009gold,na,2009 Ghana Summary Data (draft).xlsx,1415E1,Royalties,7720269.0
Golden Star (Prestea/Bogoso) Ltd,2009,Gold,golden_star_(prestea/bogoso)_ltd2009gold,na,2009 Ghana Summary Data (draft).xlsx,113E,Taxes on property,20966.0
Golden Star (Prestea/Bogoso) Ltd,2009,Gold,golden_star_(prestea/bogoso)_ltd2009gold,na,2009 Ghana Summary Data (draft).xlsx,1415E1,Royalties,6636492.0
Gold Fields Ghana Ltd,2009,Gold,gold_fields_ghana_ltd2009gold,na,2009 Ghana Summary Data (draft).xlsx,113E,Taxes on property,309349.0
Gold Fields Ghana Ltd,2009,Gold,gold_fields_ghana_ltd2009gold,na,2009 Ghana Summary Data (draft).xlsx,1415E1,Royalties,23891906.0
Newmont Ghana Gold Ltd,2009,Gold,newmont_ghana_gold_ltd2009gold,na,2009 Ghana Summary Data (draft).xlsx,1415E1,Royalties,20656555.0
Abosso Goldfields Ltd,2010,Gold,abosso_goldfields_ltd2010gold,na,2010 Ghana - Mining (draft).xlsx,1412E2,From government participation (equity),4288800.0
Abosso Goldfields Ltd,2010,Gold,abosso_goldfields_ltd2010gold,na,2010 Ghana - Mining (draft).xlsx,1112E1,"Ordinary taxes on income, profits and capital gains",30472900.0
Abosso Goldfields Ltd,2010,Gold,abosso_goldfields_ltd2010gold,na,2010 Ghana - Mining (draft).xlsx,1415E1,Royalties,12638871.0
Anglogold Ashanti (Ghana) Ltd,2010,Gold,anglogold_ashanti_(ghana)_ltd2010gold,na,2010 Ghana - Mining (draft).xlsx,113E,Taxes on property,424600.0
Anglogold Ashanti (Ghana) Ltd,2010,Gold,anglogold_ashanti_(ghana)_ltd2010gold,na,2010 Ghana - Mining (draft).xlsx,1415E1,Royalties,17360307.0
Anglogold Ashanti (Iduapriem) Ltd,2010,Gold,anglogold_ashanti_(iduapriem)_ltd2010gold,na,2010 Ghana - Mining (draft).xlsx,113E,Taxes on property,65000.0
Anglogold Ashanti (Iduapriem) Ltd,2010,Gold,anglogold_ashanti_(iduapriem)_ltd2010gold,na,2010 Ghana - Mining (draft).xlsx,1112E1,"Ordinary taxes on income, profits and capital gains",8557346.0
Anglogold Ashanti (Iduapriem) Ltd,2010,Gold,anglogold_ashanti_(iduapriem)_ltd2010gold,na,2010 Ghana - Mining (draft).xlsx,1415E1,Royalties,9070786.0
Anglogold Ashanti International,2010,,anglogold_ashanti_international2010,na,2010 Ghana - Mining (draft).xlsx,1412E2,From government participation (equity),2976370.0
Chirano Gold Mines Ltd,2010,Gold,chirano_gold_mines_ltd2010gold,na,2010 Ghana - Mining (draft).xlsx,1112E1,"Ordinary taxes on income, profits and capital gains",15085.0
Chirano Gold Mines Ltd,2010,Gold,chirano_gold_mines_ltd2010gold,na,2010 Ghana - Mining (draft).xlsx,1415E1,Royalties,17247431.0
Ghana Bauxite Company Ltd,2010,Bauxite,ghana_bauxite_company_ltd2010bauxite,na,2010 Ghana - Mining (draft).xlsx,1415E1,Royalties,1033823.0
Ghana Manganese Company,2010,Manganese,ghana_manganese_company2010manganese,na,2010 Ghana - Mining (draft).xlsx,113E,Taxes on property,31697.0
Ghana Manganese Company,2010,Manganese,ghana_manganese_company2010manganese,na,2010 Ghana - Mining (draft).xlsx,1412E2,From government participation (equity),832542.0
Ghana Manganese Company,2010,Manganese,ghana_manganese_company2010manganese,na,2010 Ghana - Mining (draft).xlsx,1112E1,"Ordinary taxes on income, profits and capital gains",7554049.0
Ghana Manganese Company,2010,Manganese,ghana_manganese_company2010manganese,na,2010 Ghana - Mining (draft).xlsx,1415E1,Royalties,3764675.0
Golden Star (Wassa) Ltd,2010,Gold,golden_star_(wassa)_ltd2010gold,na,2010 Ghana - Mining (draft).xlsx,1415E1,Royalties,9600151.0
Golden Star (Prestea/Bogoso) Ltd,2010,Gold,golden_star_(prestea/bogoso)_ltd2010gold,na,2010 Ghana - Mining (draft).xlsx,1415E1,Royalties,9366302.0
Gold Fields Ghana Ltd,2010,Gold,gold_fields_ghana_ltd2010gold,na,2010 Ghana - Mining (draft).xlsx,113E,Taxes on property,308754.0
Gold Fields Ghana Ltd,2010,Gold,gold_fields_ghana_ltd2010gold,na,2010 Ghana - Mining (draft).xlsx,1412E2,From government participation (equity),14342500.0
Gold Fields Ghana Ltd,2010,Gold,gold_fields_ghana_ltd2010gold,na,2010 Ghana - Mining (draft).xlsx,1112E1,"Ordinary taxes on income, profits and capital gains",78650353.0
Gold Fields Ghana Ltd,2010,Gold,gold_fields_ghana_ltd2010gold,na,2010 Ghana - Mining (draft).xlsx,1415E1,Royalties,43747093.0
Newmont Ghana Gold Ltd,2010,Gold,newmont_ghana_gold_ltd2010gold,na,2010 Ghana - Mining (draft).xlsx,1415E1,Royalties,26624466.0
Tullow (Ghana) Ltd,2010,Oil,tullow_(ghana)_ltd2010oil,na,2010 Ghana - OilandGas (draft).xlsx,114521E,Licence fees,58140.5
Kosmos Energy Ghana HC,2010,Oil,kosmos_energy_ghana_hc2010oil,na,2010 Ghana - OilandGas (draft).xlsx,114521E,Licence fees,48751.0
Saltpond Oil Fields Ltd,2010,Oil,saltpond_oil_fields_ltd2010oil,na,2010 Ghana - OilandGas (draft).xlsx,114521E,Licence fees,605.0
Saltpond Oil Fields Ltd,2010,Oil,saltpond_oil_fields_ltd2010oil,na,2010 Ghana - OilandGas (draft).xlsx,1415E1,Royalties,314755.73
Abosso Goldfields Ltd,2011,Gold,abosso_goldfields_ltd2011gold,na,2011 Ghana - Mining (draft).xlsx,1112E1,"Ordinary taxes on income, profits and capital gains",53362556.0
Abosso Goldfields Ltd,2011,Gold,abosso_goldfields_ltd2011gold,na,2011 Ghana - Mining (draft).xlsx,1415E1,Royalties,18607347.0
Adamus Resources Ltd,2011,Gold,adamus_resources_ltd2011gold,na,2011 Ghana - Mining (draft).xlsx,1415E1,Royalties,6729929.0
Anglogold Ashanti (Ghana) Ltd,2011,Gold,anglogold_ashanti_(ghana)_ltd2011gold,na,2011 Ghana - Mining (draft).xlsx,113E,Taxes on property,424600.0
Anglogold Ashanti (Ghana) Ltd,2011,Gold,anglogold_ashanti_(ghana)_ltd2011gold,na,2011 Ghana - Mining (draft).xlsx,1415E1,Royalties,19665202.0
Anglogold Ashanti (Iduapriem) Ltd,2011,Gold,anglogold_ashanti_(iduapriem)_ltd2011gold,na,2011 Ghana - Mining (draft).xlsx,1112E1,"Ordinary taxes on income, profits and capital gains",56794976.0
Anglogold Ashanti (Iduapriem) Ltd,2011,Gold,anglogold_ashanti_(iduapriem)_ltd2011gold,na,2011 Ghana - Mining (draft).xlsx,1415E1,Royalties,13691446.0
Anglogold Ashanti International,2011,,anglogold_ashanti_international2011,na,2011 Ghana - Mining (draft).xlsx,1412E2,From government participation (equity),3392503.0
Chirano Gold Mines Ltd,2011,Gold,chirano_gold_mines_ltd2011gold,na,2011 Ghana - Mining (draft).xlsx,113E,Taxes on property,57492.0
Chirano Gold Mines Ltd,2011,Gold,chirano_gold_mines_ltd2011gold,na,2011 Ghana - Mining (draft).xlsx,1112E1,"Ordinary taxes on income, profits and capital gains",28890606.0
Chirano Gold Mines Ltd,2011,Gold,chirano_gold_mines_ltd2011gold,na,2011 Ghana - Mining (draft).xlsx,1415E1,Royalties,19129768.0
Ghana Bauxite Company Ltd,2011,Bauxite,ghana_bauxite_company_ltd2011bauxite,na,2011 Ghana - Mining (draft).xlsx,1415E1,Royalties,689863.0
Ghana Manganese Company,2011,Manganese,ghana_manganese_company2011manganese,na,2011 Ghana - Mining (draft).xlsx,1412E2,From government participation (equity),898369.0
Ghana Manganese Company,2011,Manganese,ghana_manganese_company2011manganese,na,2011 Ghana - Mining (draft).xlsx,1112E1,"Ordinary taxes on income, profits and capital gains",42813036.0
Ghana Manganese Company,2011,Manganese,ghana_manganese_company2011manganese,na,2011 Ghana - Mining (draft).xlsx,1415E1,Royalties,6685574.0
Golden Star (Wassa) Ltd,2011,Gold,golden_star_(wassa)_ltd2011gold,na,2011 Ghana - Mining (draft).xlsx,1415E1,Royalties,14872591.0
Golden Star (Prestea/Bogoso) Ltd,2011,Gold,golden_star_(prestea/bogoso)_ltd2011gold,na,2011 Ghana - Mining (draft).xlsx,1415E1,Royalties,12573619.0
Gold Fields Ghana Ltd,2011,Gold,gold_fields_ghana_ltd2011gold,na,2011 Ghana - Mining (draft).xlsx,1412E2,From government participation (equity),39722000.0
Gold Fields Ghana Ltd,2011,Gold,gold_fields_ghana_ltd2011gold,na,2011 Ghana - Mining (draft).xlsx,1112E1,"Ordinary taxes on income, profits and capital gains",214666712.0
Gold Fields Ghana Ltd,2011,Gold,gold_fields_ghana_ltd2011gold,na,2011 Ghana - Mining (draft).xlsx,1415E1,Royalties,57693232.0
Newmont Ghana Gold Ltd,2011,Gold,newmont_ghana_gold_ltd2011gold,na,2011 Ghana - Mining (draft).xlsx,1112E1,"Ordinary taxes on income, profits and capital gains",103297879.0
Newmont Ghana Gold Ltd,2011,Gold,newmont_ghana_gold_ltd2011gold,na,2011 Ghana - Mining (draft).xlsx,1415E1,Royalties,47812791.0
Ghana National Petroleum Corporation,2011,Oil,ghana_national_petroleum_corporation2011oil,na,2011 Ghana - OilandGas (draft).xlsx,113E,Taxes on property,233588058.03
Ghana National Petroleum Corporation,2011,Oil,ghana_national_petroleum_corporation2011oil,na,2011 Ghana - OilandGas (draft).xlsx,1415E1,Royalties,122941143.9
Tullow (Ghana) Ltd,2011,Oil,tullow_(ghana)_ltd2011oil,na,2011 Ghana - OilandGas (draft).xlsx,114521E,Licence fees,63421.32
Kosmos Energy Ghana HC,2011,Oil,kosmos_energy_ghana_hc2011oil,na,2011 Ghana - OilandGas (draft).xlsx,114521E,Licence fees,29427.0
Saltpond Oil Fields Ltd,2011,Oil,saltpond_oil_fields_ltd2011oil,na,2011 Ghana - OilandGas (draft).xlsx,1415E1,Royalties,132982.4
Abosso Goldfields Ltd,2012,Gold/Silver,abosso_goldfields_ltd2012gold/silver,614G000005,2012 Ghana - Mining (draft).xlsx,113E,Taxes on property,57608.0
Abosso Goldfields Ltd,2012,Gold/Silver,abosso_goldfields_ltd2012gold/silver,614G000005,2012 Ghana - Mining (draft).xlsx,1412E2,From government participation (equity),0.0
Abosso Goldfields Ltd,2012,Gold/Silver,abosso_goldfields_ltd2012gold/silver,614G000005,2012 Ghana - Mining (draft).xlsx,1112E1,"Ordinary taxes on income, profits and capital gains",14399918.0
Abosso Goldfields Ltd,2012,Gold/Silver,abosso_goldfields_ltd2012gold/silver,614G000005,2012 Ghana - Mining (draft).xlsx,1415E1,Royalties,25032098.0
Adamus Resources Ltd,2012,Gold/other Base,adamus_resources_ltd2012gold/other_base,524G000234,2012 Ghana - Mining (draft).xlsx,113E,Taxes on property,28000.0
Adamus Resources Ltd,2012,Gold/other Base,adamus_resources_ltd2012gold/other_base,524G000234,2012 Ghana - Mining (draft).xlsx,1412E2,From government participation (equity),0.0
Adamus Resources Ltd,2012,Gold/other Base,adamus_resources_ltd2012gold/other_base,524G000234,2012 Ghana - Mining (draft).xlsx,1112E1,"Ordinary taxes on income, profits and capital gains",0.0
Adamus Resources Ltd,2012,Gold/other Base,adamus_resources_ltd2012gold/other_base,524G000234,2012 Ghana - Mining (draft).xlsx,1415E1,Royalties,16256814.0
Anglogold Ashanti (Ghana) Ltd,2012,Gold/Diamond,anglogold_ashanti_(ghana)_ltd2012gold/diamond,721G000012,2012 Ghana - Mining (draft).xlsx,113E,Taxes on property,430253.0
Anglogold Ashanti (Ghana) Ltd,2012,Gold/Diamond,anglogold_ashanti_(ghana)_ltd2012gold/diamond,721G000012,2012 Ghana - Mining (draft).xlsx,1412E2,From government participation (equity),0.0
Anglogold Ashanti (Ghana) Ltd,2012,Gold/Diamond,anglogold_ashanti_(ghana)_ltd2012gold/diamond,721G000012,2012 Ghana - Mining (draft).xlsx,1112E1,"Ordinary taxes on income, profits and capital gains",0.0
Anglogold Ashanti (Ghana) Ltd,2012,Gold/Diamond,anglogold_ashanti_(ghana)_ltd2012gold/diamond,721G000012,2012 Ghana - Mining (draft).xlsx,1415E1,Royalties,25303243.0
Anglogold Ashanti (Iduapriem),2012,Gold/Diamond,anglogold_ashanti_(iduapriem)2012gold/diamond,421G000014,2012 Ghana - Mining (draft).xlsx,113E,Taxes on property,99893.0
Anglogold Ashanti (Iduapriem),2012,Gold/Diamond,anglogold_ashanti_(iduapriem)2012gold/diamond,421G000014,2012 Ghana - Mining (draft).xlsx,1412E2,From government participation (equity),0.0
Anglogold Ashanti (Iduapriem),2012,Gold/Diamond,anglogold_ashanti_(iduapriem)2012gold/diamond,421G000014,2012 Ghana - Mining (draft).xlsx,1112E1,"Ordinary taxes on income, profits and capital gains",15623729.0
Anglogold Ashanti (Iduapriem),2012,Gold/Diamond,anglogold_ashanti_(iduapriem)2012gold/diamond,421G000014,2012 Ghana - Mining (draft).xlsx,1415E1,Royalties,15713823.0
Anglogold Ashanti International,2012,,anglogold_ashanti_international2012,na,2012 Ghana - Mining (draft).xlsx,1412E2,From government participation (equity),5162056.0
Chirano Gold Mines Ltd,2012,Gold,chirano_gold_mines_ltd2012gold,109G000038,2012 Ghana - Mining (draft).xlsx,113E,Taxes on property,57507.0
Chirano Gold Mines Ltd,2012,Gold,chirano_gold_mines_ltd2012gold,109G000038,2012 Ghana - Mining (draft).xlsx,1412E2,From government participation (equity),0.0
Chirano Gold Mines Ltd,2012,Gold,chirano_gold_mines_ltd2012gold,109G000038,2012 Ghana - Mining (draft).xlsx,1112E1,"Ordinary taxes on income, profits and capital gains",151607924.0
Chirano Gold Mines Ltd,2012,Gold,chirano_gold_mines_ltd2012gold,109G000038,2012 Ghana - Mining (draft).xlsx,1415E1,Royalties,40456808.0
Ghana Bauxite Compny Ltd,2012,Bauxite,ghana_bauxite_compny_ltd2012bauxite,665G000003,2012 Ghana - Mining (draft).xlsx,113E,Taxes on property,11576.0
Ghana Bauxite Compny Ltd,2012,Bauxite,ghana_bauxite_compny_ltd2012bauxite,665G000003,2012 Ghana - Mining (draft).xlsx,1412E2,From government participation (equity),0.0
Ghana Bauxite Compny Ltd,2012,Bauxite,ghana_bauxite_compny_ltd2012bauxite,665G000003,2012 Ghana - Mining (draft).xlsx,1112E1,"Ordinary taxes on income, profits and capital gains",0.0
Ghana Bauxite Compny Ltd,2012,Bauxite,ghana_bauxite_compny_ltd2012bauxite,665G000003,2012 Ghana - Mining (draft).xlsx,1415E1,Royalties,1985269.0
Ghana Manganese Company,2012,Manganese,ghana_manganese_company2012manganese,365G000002,2012 Ghana - Mining (draft).xlsx,113E,Taxes on property,50643.0
Ghana Manganese Company,2012,Manganese,ghana_manganese_company2012manganese,365G000002,2012 Ghana - Mining (draft).xlsx,1412E2,From government participation (equity),1668375.0
Ghana Manganese Company,2012,Manganese,ghana_manganese_company2012manganese,365G000002,2012 Ghana - Mining (draft).xlsx,1112E1,"Ordinary taxes on income, profits and capital gains",17071860.0
Ghana Manganese Company,2012,Manganese,ghana_manganese_company2012manganese,365G000002,2012 Ghana - Mining (draft).xlsx,1415E1,Royalties,10114274.0
Golden Star (Wassa) Ltd,2012,Gold/Diamond,golden_star_(wassa)_ltd2012gold/diamond,324G000112,2012 Ghana - Mining (draft).xlsx,113E,Taxes on property,0.0
Golden Star (Wassa) Ltd,2012,Gold/Diamond,golden_star_(wassa)_ltd2012gold/diamond,324G000112,2012 Ghana - Mining (draft).xlsx,1412E2,From government participation (equity),0.0
Golden Star (Wassa) Ltd,2012,Gold/Diamond,golden_star_(wassa)_ltd2012gold/diamond,324G000112,2012 Ghana - Mining (draft).xlsx,1112E1,"Ordinary taxes on income, profits and capital gains",0.0
Golden Star (Wassa) Ltd,2012,Gold/Diamond,golden_star_(wassa)_ltd2012gold/diamond,324G000112,2012 Ghana - Mining (draft).xlsx,1415E1,Royalties,21828134.0
Golden Star Prestea/Bogoso,2012,Gold/Diamond,golden_star_prestea/bogoso2012gold/diamond,621G000008,2012 Ghana - Mining (draft).xlsx,113E,Taxes on property,39239.0
Golden Star Prestea/Bogoso,2012,Gold/Diamond,golden_star_prestea/bogoso2012gold/diamond,621G000008,2012 Ghana - Mining (draft).xlsx,1412E2,From government participation (equity),0.0
Golden Star Prestea/Bogoso,2012,Gold/Diamond,golden_star_prestea/bogoso2012gold/diamond,621G000008,2012 Ghana - Mining (draft).xlsx,1112E1,"Ordinary taxes on income, profits and capital gains",0.0
Golden Star Prestea/Bogoso,2012,Gold/Diamond,golden_star_prestea/bogoso2012gold/diamond,621G000008,2012 Ghana - Mining (draft).xlsx,1415E1,Royalties,22813726.0
Goldfields Ghana Ltd,2012,Gold,goldfields_ghana_ltd2012gold,565G000001,2012 Ghana - Mining (draft).xlsx,113E,Taxes on property,473314.0
Goldfields Ghana Ltd,2012,Gold,goldfields_ghana_ltd2012gold,565G000001,2012 Ghana - Mining (draft).xlsx,1412E2,From government participation (equity),19049000.0
Goldfields Ghana Ltd,2012,Gold,goldfields_ghana_ltd2012gold,565G000001,2012 Ghana - Mining (draft).xlsx,1112E1,"Ordinary taxes on income, profits and capital gains",285134160.0
Goldfields Ghana Ltd,2012,Gold,goldfields_ghana_ltd2012gold,565G000001,2012 Ghana - Mining (draft).xlsx,1415E1,Royalties,102422421.0
Newmont Ghana Gold Ltd,2012,Gold,newmont_ghana_gold_ltd2012gold,516G000001,2012 Ghana - Mining (draft).xlsx,113E,Taxes on property,0.0
Newmont Ghana Gold Ltd,2012,Gold,newmont_ghana_gold_ltd2012gold,516G000001,2012 Ghana - Mining (draft).xlsx,1412E2,From government participation (equity),0.0
Newmont Ghana Gold Ltd,2012,Gold,newmont_ghana_gold_ltd2012gold,516G000001,2012 Ghana - Mining (draft).xlsx,1112E1,"Ordinary taxes on income, profits and capital gains",244235080.0
Newmont Ghana Gold Ltd,2012,Gold,newmont_ghana_gold_ltd2012gold,516G000001,2012 Ghana - Mining (draft).xlsx,1415E1,Royalties,47038033.0
Newmont Golden Ridge Ltd,2012,Gold,newmont_golden_ridge_ltd2012gold,516G000001,2012 Ghana - Mining (draft).xlsx,113E,Taxes on property,0.0
Newmont Golden Ridge Ltd,2012,Gold,newmont_golden_ridge_ltd2012gold,516G000001,2012 Ghana - Mining (draft).xlsx,1412E2,From government participation (equity),0.0
Newmont Golden Ridge Ltd,2012,Gold,newmont_golden_ridge_ltd2012gold,516G000001,2012 Ghana - Mining (draft).xlsx,1112E1,"Ordinary taxes on income, profits and capital gains",0.0
Newmont Golden Ridge Ltd,2012,Gold,newmont_golden_ridge_ltd2012gold,516G000001,2012 Ghana - Mining (draft).xlsx,1415E1,Royalties,0.0
Noble Gold Mining Co.,2012,Gold,noble_gold_mining_co.2012gold,524V018617,2012 Ghana - Mining (draft).xlsx,113E,Taxes on property,42792.0
Noble Gold Mining Co.,2012,Gold,noble_gold_mining_co.2012gold,524V018617,2012 Ghana - Mining (draft).xlsx,1412E2,From government participation (equity),0.0
Noble Gold Mining Co.,2012,Gold,noble_gold_mining_co.2012gold,524V018617,2012 Ghana - Mining (draft).xlsx,1112E1,"Ordinary taxes on income, profits and capital gains",0.0
Noble Gold Mining Co.,2012,Gold,noble_gold_mining_co.2012gold,524V018617,2012 Ghana - Mining (draft).xlsx,1415E1,Royalties,713299.0
Perseus  Mining (Ghana ) Co.,2012,Gold,perseus__mining_(ghana_)_co.2012gold,624V003018,2012 Ghana - Mining (draft).xlsx,113E,Taxes on property,0.0
Perseus  Mining (Ghana ) Co.,2012,Gold,perseus__mining_(ghana_)_co.2012gold,624V003018,2012 Ghana - Mining (draft).xlsx,1412E2,From government participation (equity),0.0
Perseus  Mining (Ghana ) Co.,2012,Gold,perseus__mining_(ghana_)_co.2012gold,624V003018,2012 Ghana - Mining (draft).xlsx,1112E1,"Ordinary taxes on income, profits and capital gains",0.0
Perseus  Mining (Ghana ) Co.,2012,Gold,perseus__mining_(ghana_)_co.2012gold,624V003018,2012 Ghana - Mining (draft).xlsx,1415E1,Royalties,24051513.0
Prestea Sankofa Gold Ltd,2012,Gold,prestea_sankofa_gold_ltd2012gold,None,2012 Ghana - Mining (draft).xlsx,113E,Taxes on property,2956.0
Prestea Sankofa Gold Ltd,2012,Gold,prestea_sankofa_gold_ltd2012gold,None,2012 Ghana - Mining (draft).xlsx,1412E2,From government participation (equity),0.0
Prestea Sankofa Gold Ltd,2012,Gold,prestea_sankofa_gold_ltd2012gold,None,2012 Ghana - Mining (draft).xlsx,1112E1,"Ordinary taxes on income, profits and capital gains",0.0
Prestea Sankofa Gold Ltd,2012,Gold,prestea_sankofa_gold_ltd2012gold,None,2012 Ghana - Mining (draft).xlsx,1415E1,Royalties,3091400.0
West African Quarries,2012,Limestone,west_african_quarries2012limestone,None,2012 Ghana - Mining (draft).xlsx,113E,Taxes on property,0.0
West African Quarries,2012,Limestone,west_african_quarries2012limestone,None,2012 Ghana - Mining (draft).xlsx,1412E2,From government participation (equity),0.0
West African Quarries,2012,Limestone,west_african_quarries2012limestone,None,2012 Ghana - Mining (draft).xlsx,1112E1,"Ordinary taxes on income, profits and capital gains",195825.0
West African Quarries,2012,Limestone,west_african_quarries2012limestone,None,2012 Ghana - Mining (draft).xlsx,1415E1,Royalties,1030799.0
Ghana National Petroleum Corporation,2012,Oil,ghana_national_petroleum_corporation2012oil,na,2012 Ghana - Oil-Gas (draft).xlsx,113E,Taxes on property,286220579.38
Ghana National Petroleum Corporation,2012,Oil,ghana_national_petroleum_corporation2012oil,na,2012 Ghana - Oil-Gas (draft).xlsx,114521E,Licence fees,0.0
Ghana National Petroleum Corporation,2012,Oil,ghana_national_petroleum_corporation2012oil,na,2012 Ghana - Oil-Gas (draft).xlsx,1415E1,Royalties,150642410.2
Tullow (Ghana) Ltd,2012,Oil,tullow_(ghana)_ltd2012oil,209G000648,2012 Ghana - Oil-Gas (draft).xlsx,113E,Taxes on property,0.0
Tullow (Ghana) Ltd,2012,Oil,tullow_(ghana)_ltd2012oil,209G000648,2012 Ghana - Oil-Gas (draft).xlsx,114521E,Licence fees,63866.95
Tullow (Ghana) Ltd,2012,Oil,tullow_(ghana)_ltd2012oil,209G000648,2012 Ghana - Oil-Gas (draft).xlsx,1415E1,Royalties,0.0
Kosmos Energy Ghana HC,2012,Oil,kosmos_energy_ghana_hc2012oil,209G000045,2012 Ghana - Oil-Gas (draft).xlsx,113E,Taxes on property,0.0
Kosmos Energy Ghana HC,2012,Oil,kosmos_energy_ghana_hc2012oil,209G000045,2012 Ghana - Oil-Gas (draft).xlsx,114521E,Licence fees,35438.56
Kosmos Energy Ghana HC,2012,Oil,kosmos_energy_ghana_hc2012oil,209G000045,2012 Ghana - Oil-Gas (draft).xlsx,1415E1,Royalties,0.0
Anardako (Ghana) Ltd,2012,Oil,anardako_(ghana)_ltd2012oil,824V062391,2012 Ghana - Oil-Gas (draft).xlsx,113E,Taxes on property,0.0
Anardako (Ghana) Ltd,2012,Oil,anardako_(ghana)_ltd2012oil,824V062391,2012 Ghana - Oil-Gas (draft).xlsx,114521E,Licence fees,0.0
Anardako (Ghana) Ltd,2012,Oil,anardako_(ghana)_ltd2012oil,824V062391,2012 Ghana - Oil-Gas (draft).xlsx,1415E1,Royalties,0.0
Saltpond Oil Fields Ltd,2012,Oil,saltpond_oil_fields_ltd2012oil,P0001959115,2012 Ghana - Oil-Gas (draft).xlsx,113E,Taxes on property,0.0
Saltpond Oil Fields Ltd,2012,Oil,saltpond_oil_fields_ltd2012oil,P0001959115,2012 Ghana - Oil-Gas (draft).xlsx,114521E,Licence fees,3025.0
Saltpond Oil Fields Ltd,2012,Oil,saltpond_oil_fields_ltd2012oil,P0001959115,2012 Ghana - Oil-Gas (draft).xlsx,1415E1,Royalties,336429.33
Sabre Oil & Gas Holdings Ltd,2012,Oil,sabre_oil_&_gas_holdings_ltd2012oil,724V043206,2012 Ghana - Oil-Gas (draft).xlsx,113E,Taxes on property,0.0
Sabre Oil & Gas Holdings Ltd,2012,Oil,sabre_oil_&_gas_holdings_ltd2012oil,724V043206,2012 Ghana - Oil-Gas (draft).xlsx,114521E,Licence fees,0.0
Sabre Oil & Gas Holdings Ltd,2012,Oil,sabre_oil_&_gas_holdings_ltd2012oil,724V043206,2012 Ghana - Oil-Gas (draft).xlsx,1415E1,Royalties,0.0
Petro SA,2012,Oil,petro_sa2012oil,V000333547X,2012 Ghana - Oil-Gas (draft).xlsx,113E,Taxes on property,0.0
Petro SA,2012,Oil,petro_sa2012oil,V000333547X,2012 Ghana - Oil-Gas (draft).xlsx,114521E,Licence fees,0.0
Petro SA,2012,Oil,petro_sa2012oil,V000333547X,2012 Ghana - Oil-Gas (draft).xlsx,1415E1,Royalties,0.0
Abosso Goldfields Ltd,2013,Gold/Silver,abosso_goldfields_ltd2013gold/silver,614G000005,2013 Ghana - Mining (draft).xlsx,113E,Taxes on property,61035.0
Abosso Goldfields Ltd,2013,Gold/Silver,abosso_goldfields_ltd2013gold/silver,614G000005,2013 Ghana - Mining (draft).xlsx,1412E2,From government participation (equity),0.0
Abosso Goldfields Ltd,2013,Gold/Silver,abosso_goldfields_ltd2013gold/silver,614G000005,2013 Ghana - Mining (draft).xlsx,1112E1,"Ordinary taxes on income, profits and capital gains",5589789.0
Abosso Goldfields Ltd,2013,Gold/Silver,abosso_goldfields_ltd2013gold/silver,614G000005,2013 Ghana - Mining (draft).xlsx,1415E1,Royalties,22526890.23
Adamus Resources Ltd,2013,Gold/other Base,adamus_resources_ltd2013gold/other_base,524G000234,2013 Ghana - Mining (draft).xlsx,113E,Taxes on property,28000.0
Adamus Resources Ltd,2013,Gold/other Base,adamus_resources_ltd2013gold/other_base,524G000234,2013 Ghana - Mining (draft).xlsx,1412E2,From government participation (equity),0.0
Adamus Resources Ltd,2013,Gold/other Base,adamus_resources_ltd2013gold/other_base,524G000234,2013 Ghana - Mining (draft).xlsx,1112E1,"Ordinary taxes on income, profits and capital gains",0.0
Adamus Resources Ltd,2013,Gold/other Base,adamus_resources_ltd2013gold/other_base,524G000234,2013 Ghana - Mining (draft).xlsx,1415E1,Royalties,14925065.0
Anglogold Ashanti (Ghana) Ltd,2013,Gold/Diamond,anglogold_ashanti_(ghana)_ltd2013gold/diamond,721G000012,2013 Ghana - Mining (draft).xlsx,113E,Taxes on property,430253.0
Anglogold Ashanti (Ghana) Ltd,2013,Gold/Diamond,anglogold_ashanti_(ghana)_ltd2013gold/diamond,721G000012,2013 Ghana - Mining (draft).xlsx,1412E2,From government participation (equity),1130685.0
Anglogold Ashanti (Ghana) Ltd,2013,Gold/Diamond,anglogold_ashanti_(ghana)_ltd2013gold/diamond,721G000012,2013 Ghana - Mining (draft).xlsx,1112E1,"Ordinary taxes on income, profits and capital gains",0.0
Anglogold Ashanti (Ghana) Ltd,2013,Gold/Diamond,anglogold_ashanti_(ghana)_ltd2013gold/diamond,721G000012,2013 Ghana - Mining (draft).xlsx,1415E1,Royalties,22421988.0
Anglogold Ashanti (Iduapriem),2013,Gold/Diamond,anglogold_ashanti_(iduapriem)2013gold/diamond,421G000014,2013 Ghana - Mining (draft).xlsx,113E,Taxes on property,99903.0
Anglogold Ashanti (Iduapriem),2013,Gold/Diamond,anglogold_ashanti_(iduapriem)2013gold/diamond,421G000014,2013 Ghana - Mining (draft).xlsx,1412E2,From government participation (equity),0.0
Anglogold Ashanti (Iduapriem),2013,Gold/Diamond,anglogold_ashanti_(iduapriem)2013gold/diamond,421G000014,2013 Ghana - Mining (draft).xlsx,1112E1,"Ordinary taxes on income, profits and capital gains",5344374.0
Anglogold Ashanti (Iduapriem),2013,Gold/Diamond,anglogold_ashanti_(iduapriem)2013gold/diamond,421G000014,2013 Ghana - Mining (draft).xlsx,1415E1,Royalties,17235132.0
Anglogold Ashanti International,2013,,anglogold_ashanti_international2013,na,2013 Ghana - Mining (draft).xlsx,113E,Taxes on property,0.0
Anglogold Ashanti International,2013,,anglogold_ashanti_international2013,na,2013 Ghana - Mining (draft).xlsx,1412E2,From government participation (equity),0.0
Anglogold Ashanti International,2013,,anglogold_ashanti_international2013,na,2013 Ghana - Mining (draft).xlsx,1415E1,Royalties,0.0
Chirano Gold Mines Ltd,2013,Gold,chirano_gold_mines_ltd2013gold,109G000038,2013 Ghana - Mining (draft).xlsx,113E,Taxes on property,175000.0
Chirano Gold Mines Ltd,2013,Gold,chirano_gold_mines_ltd2013gold,109G000038,2013 Ghana - Mining (draft).xlsx,1412E2,From government participation (equity),0.0
Chirano Gold Mines Ltd,2013,Gold,chirano_gold_mines_ltd2013gold,109G000038,2013 Ghana - Mining (draft).xlsx,1112E1,"Ordinary taxes on income, profits and capital gains",80176637.0
Chirano Gold Mines Ltd,2013,Gold,chirano_gold_mines_ltd2013gold,109G000038,2013 Ghana - Mining (draft).xlsx,1415E1,Royalties,42141163.19
Ghana Bauxite Compny Ltd,2013,Bauxite,ghana_bauxite_compny_ltd2013bauxite,665G000003,2013 Ghana - Mining (draft).xlsx,113E,Taxes on property,36000.0
Ghana Bauxite Compny Ltd,2013,Bauxite,ghana_bauxite_compny_ltd2013bauxite,665G000003,2013 Ghana - Mining (draft).xlsx,1412E2,From government participation (equity),0.0
Ghana Bauxite Compny Ltd,2013,Bauxite,ghana_bauxite_compny_ltd2013bauxite,665G000003,2013 Ghana - Mining (draft).xlsx,1112E1,"Ordinary taxes on income, profits and capital gains",0.0
Ghana Bauxite Compny Ltd,2013,Bauxite,ghana_bauxite_compny_ltd2013bauxite,665G000003,2013 Ghana - Mining (draft).xlsx,1415E1,Royalties,3383198.0
Ghana Manganese Company,2013,Manganese,ghana_manganese_company2013manganese,365G000002,2013 Ghana - Mining (draft).xlsx,113E,Taxes on property,50643.0
Ghana Manganese Company,2013,Manganese,ghana_manganese_company2013manganese,365G000002,2013 Ghana - Mining (draft).xlsx,1412E2,From government participation (equity),0.0
Ghana Manganese Company,2013,Manganese,ghana_manganese_company2013manganese,365G000002,2013 Ghana - Mining (draft).xlsx,1112E1,"Ordinary taxes on income, profits and capital gains",26797164.0
Ghana Manganese Company,2013,Manganese,ghana_manganese_company2013manganese,365G000002,2013 Ghana - Mining (draft).xlsx,1415E1,Royalties,10286750.0
Golden Star (Wassa) Ltd,2013,Gold/Diamond,golden_star_(wassa)_ltd2013gold/diamond,324G000112,2013 Ghana - Mining (draft).xlsx,113E,Taxes on property,56000.0
Golden Star (Wassa) Ltd,2013,Gold/Diamond,golden_star_(wassa)_ltd2013gold/diamond,324G000112,2013 Ghana - Mining (draft).xlsx,1412E2,From government participation (equity),0.0
Golden Star (Wassa) Ltd,2013,Gold/Diamond,golden_star_(wassa)_ltd2013gold/diamond,324G000112,2013 Ghana - Mining (draft).xlsx,1112E1,"Ordinary taxes on income, profits and capital gains",47740270.0
Golden Star (Wassa) Ltd,2013,Gold/Diamond,golden_star_(wassa)_ltd2013gold/diamond,324G000112,2013 Ghana - Mining (draft).xlsx,1415E1,Royalties,26291802.8
Golden Star Prestea/Bogoso,2013,Gold/Diamond,golden_star_prestea/bogoso2013gold/diamond,621G000008,2013 Ghana - Mining (draft).xlsx,113E,Taxes on property,39239.0
Golden Star Prestea/Bogoso,2013,Gold/Diamond,golden_star_prestea/bogoso2013gold/diamond,621G000008,2013 Ghana - Mining (draft).xlsx,1412E2,From government participation (equity),0.0
Golden Star Prestea/Bogoso,2013,Gold/Diamond,golden_star_prestea/bogoso2013gold/diamond,621G000008,2013 Ghana - Mining (draft).xlsx,1112E1,"Ordinary taxes on income, profits and capital gains",0.0
Golden Star Prestea/Bogoso,2013,Gold/Diamond,golden_star_prestea/bogoso2013gold/diamond,621G000008,2013 Ghana - Mining (draft).xlsx,1415E1,Royalties,23433004.0
Goldfields Ghana Ltd,2013,Gold,goldfields_ghana_ltd2013gold,565G000001,2013 Ghana - Mining (draft).xlsx,113E,Taxes on property,285170.0
Goldfields Ghana Ltd,2013,Gold,goldfields_ghana_ltd2013gold,565G000001,2013 Ghana - Mining (draft).xlsx,1412E2,From government participation (equity),0.0
Goldfields Ghana Ltd,2013,Gold,goldfields_ghana_ltd2013gold,565G000001,2013 Ghana - Mining (draft).xlsx,1112E1,"Ordinary taxes on income, profits and capital gains",112642038.0
Goldfields Ghana Ltd,2013,Gold,goldfields_ghana_ltd2013gold,565G000001,2013 Ghana - Mining (draft).xlsx,1415E1,Royalties,97439101.74
Newmont Ghana Gold Ltd,2013,Gold,newmont_ghana_gold_ltd2013gold,516G000001,2013 Ghana - Mining (draft).xlsx,113E,Taxes on property,0.0
Newmont Ghana Gold Ltd,2013,Gold,newmont_ghana_gold_ltd2013gold,516G000001,2013 Ghana - Mining (draft).xlsx,1412E2,From government participation (equity),0.0
Newmont Ghana Gold Ltd,2013,Gold,newmont_ghana_gold_ltd2013gold,516G000001,2013 Ghana - Mining (draft).xlsx,1112E1,"Ordinary taxes on income, profits and capital gains",178116045.0
Newmont Ghana Gold Ltd,2013,Gold,newmont_ghana_gold_ltd2013gold,516G000001,2013 Ghana - Mining (draft).xlsx,1415E1,Royalties,48289010.26
Newmont Golden Ridge Ltd,2013,Gold,newmont_golden_ridge_ltd2013gold,516G000001,2013 Ghana - Mining (draft).xlsx,113E,Taxes on property,0.0
Newmont Golden Ridge Ltd,2013,Gold,newmont_golden_ridge_ltd2013gold,516G000001,2013 Ghana - Mining (draft).xlsx,1412E2,From government participation (equity),0.0
Newmont Golden Ridge Ltd,2013,Gold,newmont_golden_ridge_ltd2013gold,516G000001,2013 Ghana - Mining (draft).xlsx,1112E1,"Ordinary taxes on income, profits and capital gains",0.0
Newmont Golden Ridge Ltd,2013,Gold,newmont_golden_ridge_ltd2013gold,516G000001,2013 Ghana - Mining (draft).xlsx,1415E1,Royalties,8342795.0
Noble Gold Mining Co.,2013,Gold,noble_gold_mining_co.2013gold,524V018617,2013 Ghana - Mining (draft).xlsx,113E,Taxes on property,150000.0
Noble Gold Mining Co.,2013,Gold,noble_gold_mining_co.2013gold,524V018617,2013 Ghana - Mining (draft).xlsx,1412E2,From government participation (equity),0.0
Noble Gold Mining Co.,2013,Gold,noble_gold_mining_co.2013gold,524V018617,2013 Ghana - Mining (draft).xlsx,1112E1,"Ordinary taxes on income, profits and capital gains",0.0
Noble Gold Mining Co.,2013,Gold,noble_gold_mining_co.2013gold,524V018617,2013 Ghana - Mining (draft).xlsx,1415E1,Royalties,2807223.0
Perseus  Mining (Ghana ) Co.,2013,Gold,perseus__mining_(ghana_)_co.2013gold,624V003018,2013 Ghana - Mining (draft).xlsx,113E,Taxes on property,0.0
Perseus  Mining (Ghana ) Co.,2013,Gold,perseus__mining_(ghana_)_co.2013gold,624V003018,2013 Ghana - Mining (draft).xlsx,1412E2,From government participation (equity),0.0
Perseus  Mining (Ghana ) Co.,2013,Gold,perseus__mining_(ghana_)_co.2013gold,624V003018,2013 Ghana - Mining (draft).xlsx,1112E1,"Ordinary taxes on income, profits and capital gains",0.0
Perseus  Mining (Ghana ) Co.,2013,Gold,perseus__mining_(ghana_)_co.2013gold,624V003018,2013 Ghana - Mining (draft).xlsx,1415E1,Royalties,27624584.2
Prestea Sankofa Gold Ltd,2013,Gold,prestea_sankofa_gold_ltd2013gold,None,2013 Ghana - Mining (draft).xlsx,113E,Taxes on property,2786.0
Prestea Sankofa Gold Ltd,2013,Gold,prestea_sankofa_gold_ltd2013gold,None,2013 Ghana - Mining (draft).xlsx,1412E2,From government participation (equity),0.0
Prestea Sankofa Gold Ltd,2013,Gold,prestea_sankofa_gold_ltd2013gold,None,2013 Ghana - Mining (draft).xlsx,1112E1,"Ordinary taxes on income, profits and capital gains",0.0
Prestea Sankofa Gold Ltd,2013,Gold,prestea_sankofa_gold_ltd2013gold,None,2013 Ghana - Mining (draft).xlsx,1415E1,Royalties,409095.0
West African Quarries,2013,Limestone,west_african_quarries2013limestone,None,2013 Ghana - Mining (draft).xlsx,113E,Taxes on property,0.0
West African Quarries,2013,Limestone,west_african_quarries2013limestone,None,2013 Ghana - Mining (draft).xlsx,1412E2,From government participation (equity),0.0
West African Quarries,2013,Limestone,west_african_quarries2013limestone,None,2013 Ghana - Mining (draft).xlsx,1112E1,"Ordinary taxes on income, profits and capital gains",63237.0
West African Quarries,2013,Limestone,west_african_quarries2013limestone,None,2013 Ghana - Mining (draft).xlsx,1415E1,Royalties,1370416.0
Ghana National Petroleum Corporation,2013,Oil,ghana_national_petroleum_corporation2013oil,na,2013 Ghana - Oil-Gas (draft).xlsx,113E,Taxes on property,332511716.3
Ghana National Petroleum Corporation,2013,Oil,ghana_national_petroleum_corporation2013oil,na,2013 Ghana - Oil-Gas (draft).xlsx,114521E,Licence fees,0.0
Ghana National Petroleum Corporation,2013,Oil,ghana_national_petroleum_corporation2013oil,na,2013 Ghana - Oil-Gas (draft).xlsx,1112E1,"Ordinary taxes on income, profits and capital gains",0.0
Ghana National Petroleum Corporation,2013,Oil,ghana_national_petroleum_corporation2013oil,na,2013 Ghana - Oil-Gas (draft).xlsx,1415E1,Royalties,175006166.47
Tullow (Ghana) Ltd,2013,Oil,tullow_(ghana)_ltd2013oil,209G000648,2013 Ghana - Oil-Gas (draft).xlsx,113E,Taxes on property,0.0
Tullow (Ghana) Ltd,2013,Oil,tullow_(ghana)_ltd2013oil,209G000648,2013 Ghana - Oil-Gas (draft).xlsx,114521E,Licence fees,116358.75
Tullow (Ghana) Ltd,2013,Oil,tullow_(ghana)_ltd2013oil,209G000648,2013 Ghana - Oil-Gas (draft).xlsx,1112E1,"Ordinary taxes on income, profits and capital gains",106909371.56
Tullow (Ghana) Ltd,2013,Oil,tullow_(ghana)_ltd2013oil,209G000648,2013 Ghana - Oil-Gas (draft).xlsx,1415E1,Royalties,0.0
Kosmos Energy Ghana HC,2013,Oil,kosmos_energy_ghana_hc2013oil,209G000045,2013 Ghana - Oil-Gas (draft).xlsx,113E,Taxes on property,0.0
Kosmos Energy Ghana HC,2013,Oil,kosmos_energy_ghana_hc2013oil,209G000045,2013 Ghana - Oil-Gas (draft).xlsx,114521E,Licence fees,16953.9
Kosmos Energy Ghana HC,2013,Oil,kosmos_energy_ghana_hc2013oil,209G000045,2013 Ghana - Oil-Gas (draft).xlsx,1112E1,"Ordinary taxes on income, profits and capital gains",55004842.0
Kosmos Energy Ghana HC,2013,Oil,kosmos_energy_ghana_hc2013oil,209G000045,2013 Ghana - Oil-Gas (draft).xlsx,1415E1,Royalties,0.0
Anardako (Ghana) Ltd,2013,Oil,anardako_(ghana)_ltd2013oil,824V062391,2013 Ghana - Oil-Gas (draft).xlsx,113E,Taxes on property,0.0
Anardako (Ghana) Ltd,2013,Oil,anardako_(ghana)_ltd2013oil,824V062391,2013 Ghana - Oil-Gas (draft).xlsx,114521E,Licence fees,0.0
Anardako (Ghana) Ltd,2013,Oil,anardako_(ghana)_ltd2013oil,824V062391,2013 Ghana - Oil-Gas (draft).xlsx,1112E1,"Ordinary taxes on income, profits and capital gains",55071284.0
Anardako (Ghana) Ltd,2013,Oil,anardako_(ghana)_ltd2013oil,824V062391,2013 Ghana - Oil-Gas (draft).xlsx,1415E1,Royalties,0.0
Saltpond Oil Fields Ltd,2013,Oil,saltpond_oil_fields_ltd2013oil,P0001959115,2013 Ghana - Oil-Gas (draft).xlsx,113E,Taxes on property,0.0
Saltpond Oil Fields Ltd,2013,Oil,saltpond_oil_fields_ltd2013oil,P0001959115,2013 Ghana - Oil-Gas (draft).xlsx,114521E,Licence fees,555.0
Saltpond Oil Fields Ltd,2013,Oil,saltpond_oil_fields_ltd2013oil,P0001959115,2013 Ghana - Oil-Gas (draft).xlsx,1112E1,"Ordinary taxes on income, profits and capital gains",0.0
Saltpond Oil Fields Ltd,2013,Oil,saltpond_oil_fields_ltd2013oil,P0001959115,2013 Ghana - Oil-Gas (draft).xlsx,1415E1,Royalties,171040.0
Sabre Oil & Gas Holdings Ltd,2013,Oil,sabre_oil_&_gas_holdings_ltd2013oil,724V043206,2013 Ghana - Oil-Gas (draft).xlsx,113E,Taxes on property,0.0
Sabre Oil & Gas Holdings Ltd,2013,Oil,sabre_oil_&_gas_holdings_ltd2013oil,724V043206,2013 Ghana - Oil-Gas (draft).xlsx,114521E,Licence fees,0.0
Sabre Oil & Gas Holdings Ltd,2013,Oil,sabre_oil_&_gas_holdings_ltd2013oil,724V043206,2013 Ghana - Oil-Gas (draft).xlsx,1112E1,"Ordinary taxes on income, profits and capital gains",0.0
Sabre Oil & Gas Holdings Ltd,2013,Oil,sabre_oil_&_gas_holdings_ltd2013oil,724V043206,2013 Ghana - Oil-Gas (draft).xlsx,1415E1,Royalties,0.0
Petro SA,2013,Oil,petro_sa2013oil,V000333547X,2013 Ghana - Oil-Gas (draft).xlsx,113E,Taxes on property,0.0
Petro SA,2013,Oil,petro_sa2013oil,V000333547X,2013 Ghana - Oil-Gas (draft).xlsx,114521E,Licence fees,0.0
Petro SA,2013,Oil,petro_sa2013oil,V000333547X,2013 Ghana - Oil-Gas (draft).xlsx,1112E1,"Ordinary taxes on income, profits and capital gains",0.0
Petro SA,2013,Oil,petro_sa2013oil,V000333547X,2013 Ghana - Oil-Gas (draft).xlsx,1415E1,Royalties,0.0
